Person_ID,Location_ID
P0001,L0028
P0002,L0005
P0003,L0016
P0004,L0031
P0005,L0037
P0006,L0028
P0007,L0002
P0008,L0031
P0009,L0009
P0010,L0007
P0011,L0017
P0012,L0064
P0013,L0072
P0014,L0055
P0015,L0069
P0016,L0024
P0017,L0050
P0018,L0057
P0019,L0004
P0020,L0034
P0021,L0048
P0022,L0019
P0023,L0021
P0024,L0053
P0025,L0042
P0026,L0036
P0027,L0060
P0028,L0011
P0029,L0049
P0030,L0040
P0031,L0019
P0032,L0035
P0033,L0038
P0034,L0009
P0035,L0045
P0036,L0012
P0037,L0006
P0038,L0013
P0039,L0062
P0040,L0036
P0041,L0019
P0042,L0039
P0043,L0036
P0044,L0052
P0045,L0039
P0046,L0001
P0047,L0015
P0048,L0013
P0049,L0023
P0050,L0046
P0051,L0010
P0052,L0014
P0053,L0023
P0054,L0008
P0055,L0002
P0056,L0054
P0057,L0052
P0058,L0049
P0059,L0041
P0060,L0020
P0061,L0001
P0062,L0068
P0063,L0037
P0064,L0053
P0065,L0023
P0066,L0047
P0067,L0067
P0068,L0065
P0069,L0043
P0070,L0013
P0071,L0034
P0072,L0047
P0073,L0027
P0074,L0016
P0075,L0037
P0076,L0029
P0077,L0026
P0078,L0026
P0079,L0022
P0080,L0022
P0081,L0034
P0082,L0043
P0083,L0015
P0084,L0058
P0085,L0033
P0086,L0060
P0087,L0002
P0088,L0018
P0089,L0014
P0090,L0026
P0091,L0026
P0092,L0005
P0093,L0003
P0094,L0047
P0095,L0058
P0096,L0055
P0097,L0034
P0098,L0067
P0099,L0017
P0100,L0035
P0101,L0038
P0102,L0041
P0103,L0045
P0104,L0023
P0105,L0025
P0106,L0011
P0107,L0055
P0108,L0010
P0109,L0070
P0110,L0060
P0111,L0058
P0112,L0009
P0113,L0008
P0114,L0066
P0115,L0052
P0116,L0010
P0117,L0071
P0118,L0067
P0119,L0053
P0120,L0071
P0121,L0061
P0122,L0030
P0123,L0045
P0124,L0025
P0125,L0051
P0126,L0010
P0127,L0065
P0128,L0045
P0129,L0021
P0130,L0057
P0131,L0069
P0132,L0033
P0133,L0067
P0134,L0068
P0135,L0028
P0136,L0069
P0137,L0061
P0138,L0069
P0139,L0061
P0140,L0029
P0141,L0032
P0142,L0058
P0143,L0044
P0144,L0058
P0145,L0024
P0146,L0070
P0147,L0059
P0148,L0026
P0149,L0031
P0150,L0046
P0151,L0065
P0152,L0028
P0153,L0029
P0154,L0054
P0155,L0061
P0156,L0038
P0157,L0056
P0158,L0003
P0159,L0066
P0160,L0056
P0161,L0056
P0162,L0024
P0163,L0050
P0164,L0065
P0165,L0063
P0166,L0014
P0167,L0033
P0168,L0004
P0169,L0006
P0170,L0005
P0171,L0056
P0172,L0021
P0173,L0006
P0174,L0070
P0175,L0072
P0176,L0001
P0177,L0034
P0178,L0051
P0179,L0072
P0180,L0029
P0181,L0008
P0182,L0001
P0183,L0032
P0184,L0022
P0185,L0050
P0186,L0015
P0187,L0068
P0188,L0059
P0189,L0016
P0190,L0039
P0191,L0027
P0192,L0066
P0193,L0011
P0194,L0042
P0195,L0072
P0196,L0025
P0197,L0049
P0198,L0008
P0199,L0013
P0200,L0029
P0201,L0071
P0202,L0044
P0203,L0027
P0204,L0030
P0205,L0064
P0206,L0018
P0207,L0006
P0208,L0048
P0209,L0051
P0210,L0020
P0211,L0040
P0212,L0015
P0213,L0030
P0214,L0035
P0215,L0060
P0216,L0036
P0217,L0051
P0218,L0017
P0219,L0003
P0220,L0004
P0221,L0040
P0222,L0030
P0223,L0068
P0224,L0014
P0225,L0057
P0226,L0070
P0227,L0002
P0228,L0064
P0229,L0062
P0230,L0049
P0231,L0048
P0232,L0037
P0233,L0043
P0234,L0059
P0235,L0041
P0236,L0071
P0237,L0064
P0238,L0012
P0239,L0044
P0240,L0012
P0241,L0047
P0242,L0063
P0243,L0064
P0244,L0017
P0245,L0020
P0246,L0055
P0247,L0022
P0248,L0062
P0249,L0030
P0250,L0024
P0251,L0044
P0252,L0059
P0253,L0040
P0254,L0042
P0255,L0063
P0256,L0007
P0257,L0062
P0258,L0019
P0259,L0041
P0260,L0054
P0261,L0043
P0262,L0007
P0263,L0005
P0264,L0057
P0265,L0019
P0266,L0033
P0267,L0007
P0268,L0011
P0269,L0012
P0270,L0032
P0271,L0035
P0272,L0018
P0273,L0031
P0274,L0049
P0275,L0040
P0276,L0038
P0277,L0018
P0278,L0051
P0279,L0061
P0280,L0053
P0281,L0052
P0282,L0039
P0283,L0021
P0284,L0027
P0285,L0042
P0286,L0020
P0287,L0046
P0288,L0050
P0289,L0025
P0290,L0038
P0291,L0066
P0292,L0032
P0293,L0046
P0294,L0048
P0295,L0016
P0296,L0004
P0297,L0054
P0298,L0063
P0299,L0003
P0300,L0009
